{
	"song": {
		"player1": "bf",
		"notes": [
			{
				"sectionNotes": [
					[
						0,
						2,
						0
					],
					[
						214.285714285714,
						0,
						0
					],
					[
						428.571428571429,
						1,
						0
					],
					[
						535.714285714286,
						1,
						0
					],
					[
						642.857142857143,
						2,
						0
					],
					[
						1071.42857142857,
						2,
						0
					],
					[
						1178.57142857143,
						3,
						0
					],
					[
						1285.71428571429,
						0,
						0
					],
					[
						964.285714285714,
						3,
						0
					],
					[
						857.142857142857,
						0,
						0
					],
					[
						1500,
						1,
						0
					],
					[
						1607.14285714286,
						2,
						0
					],
					[
						1392.85714285714,
						2,
						0
					]
				],
				"lengthInSteps": 16,
				"mustHitSection": false
			},
			{
				"sectionNotes": [
					[
						1821.42857142857,
						3,
						0
					],
					[
						2035.71428571429,
						2,
						0
					],
					[
						2142.85714285714,
						0,
						0
					],
					[
						1714.28571428571,
						0,
						0
					],
					[
						2357.14285714286,
						1,
						0
					],
					[
						2464.28571428571,
						2,
						0
					],
					[
						2571.42857142857,
						3,
						0
					],
					[
						2250,
						2,
						0
					],
					[
						2678.57142857143,
						2,
						0
					],
					[
						2785.71428571429,
						2,
						0
					],
					[
						3000,
						1,
						0
					],
					[
						3214.28571428571,
						3,
						0
					]
				],
				"lengthInSteps": 16,
				"mustHitSection": false
			},
			{
				"sectionNotes": [
					[
						3428.57142857143,
						6,
						428.571428571429
					],
					[
						3642.85714285714,
						0,
						0
					],
					[
						3857.14285714286,
						1,
						0
					],
					[
						3964.28571428571,
						1,
						0
					],
					[
						4071.42857142857,
						2,
						0
					],
					[
						4500,
						2,
						0
					],
					[
						4607.14285714286,
						3,
						0
					],
					[
						4714.28571428572,
						0,
						0
					],
					[
						4392.85714285714,
						3,
						0
					],
					[
						4285.71428571429,
						0,
						0
					],
					[
						4928.57142857143,
						1,
						0
					],
					[
						5035.71428571429,
						2,
						0
					],
					[
						4821.42857142857,
						2,
						0
					]
				],
				"lengthInSteps": 16,
				"mustHitSection": true
			},
			{
				"sectionNotes": [
					[
						5142.85714285714,
						2,
						0
					],
					[
						5571.42857142857,
						1,
						0
					],
					[
						5678.57142857143,
						1,
						0
					],
					[
						5785.71428571429,
						2,
						0
					],
					[
						6214.28571428571,
						2,
						0
					],
					[
						6321.42857142857,
						3,
						0
					],
					[
						6107.14285714286,
						3,
						0
					],
					[
						6000,
						0,
						0
					],
					[
						6428.57142857143,
						2,
						321.428571428571
					],
					[
						5250,
						1,
						0
					],
					[
						5357.14285714286,
						3,
						0
					],
					[
						5464.28571428571,
						2,
						0
					]
				],
				"lengthInSteps": 16,
				"mustHitSection": true
			},
			{
				"sectionNotes": [
					[
						6857.14285714286,
						2,
						0
					],
					[
						7071.42857142857,
						1,
						0
					],
					[
						7285.71428571429,
						0,
						0
					],
					[
						7500,
						2,
						0
					],
					[
						7392.85714285714,
						0,
						0
					],
					[
						7714.28571428571,
						2,
						0
					],
					[
						7821.42857142857,
						1,
						0
					],
					[
						7928.57142857143,
						0,
						0
					],
					[
						8035.71428571429,
						1,
						0
					],
					[
						8142.85714285714,
						3,
						0
					],
					[
						8250,
						2,
						0
					],
					[
						8464.28571428571,
						0,
						0
					],
					[
						8357.14285714286,
						1,
						0
					]
				],
				"lengthInSteps": 16,
				"mustHitSection": false
			},
			{
				"sectionNotes": [
					[
						8571.42857142857,
						3,
						0
					],
					[
						9000,
						1,
						0
					],
					[
						9107.14285714286,
						2,
						0
					],
					[
						9214.28571428571,
						1,
						0
					],
					[
						9321.42857142857,
						0,
						0
					],
					[
						9428.57142857143,
						1,
						0
					],
					[
						9535.71428571428,
						2,
						0
					],
					[
						9642.85714285714,
						1,
						0
					],
					[
						9857.14285714286,
						3,
						0
					],
					[
						10071.4285714286,
						0,
						0
					],
					[
						9857.14285714286,
						6,
						0
					],
					[
						10071.4285714286,
						5,
						0
					],
					[
						8678.57142857143,
						1,
						0
					],
					[
						8785.71428571428,
						2,
						0
					],
					[
						8892.85714285714,
						3,
						0
					]
				],
				"lengthInSteps": 16,
				"mustHitSection": false
			},
			{
				"sectionNotes": [
					[
						10285.7142857143,
						6,
						321.428571428571
					],
					[
						10285.7142857143,
						2,
						0
					],
					[
						10500,
						1,
						0
					],
					[
						10714.2857142857,
						0,
						0
					],
					[
						10928.5714285714,
						2,
						0
					],
					[
						10821.4285714286,
						0,
						0
					],
					[
						11142.8571428571,
						2,
						0
					],
					[
						11250,
						1,
						0
					],
					[
						11357.1428571429,
						0,
						0
					],
					[
						11464.2857142857,
						1,
						0
					],
					[
						11571.4285714286,
						3,
						0
					],
					[
						11678.5714285714,
						2,
						0
					],
					[
						11892.8571428571,
						0,
						0
					],
					[
						11785.7142857143,
						1,
						0
					],
					[
						10714.2857142857,
						5,
						321.428571428571
					],
					[
						11571.4285714286,
						7,
						321.428571428571
					]
				],
				"lengthInSteps": 16,
				"mustHitSection": true
			},
			{
				"sectionNotes": [
					[
						12000,
						3,
						0
					],
					[
						12107.1428571429,
						2,
						0
					],
					[
						12214.2857142857,
						1,
						0
					],
					[
						12321.4285714286,
						0,
						0
					],
					[
						12428.5714285714,
						1,
						0
					],
					[
						12535.7142857143,
						2,
						0
					],
					[
						12642.8571428571,
						1,
						0
					],
					[
						12750,
						0,
						0
					],
					[
						12857.1428571429,
						1,
						0
					],
					[
						12964.2857142857,
						2,
						0
					],
					[
						13071.4285714286,
						1,
						0
					],
					[
						13285.7142857143,
						3,
						0
					],
					[
						13500,
						0,
						0
					],
					[
						13285.7142857143,
						6,
						0
					],
					[
						13500,
						5,
						0
					]
				],
				"lengthInSteps": 16,
				"mustHitSection": true
			},
			{
				"sectionNotes": [
					[
						13714.2857142857,
						6,
						214.285714285714
					],
					[
						13714.2857142857,
						2,
						0
					],
					[
						13928.5714285714,
						1,
						0
					],
					[
						14035.7142857143,
						1,
						0
					],
					[
						14142.8571428571,
						2,
						0
					],
					[
						14250,
						0,
						0
					],
					[
						14357.1428571429,
						2,
						0
					],
					[
						14464.2857142857,
						3,
						0
					],
					[
						14571.4285714286,
						1,
						0
					],
					[
						14678.5714285714,
						2,
						0
					],
					[
						14785.7142857143,
						0,
						0
					],
					[
						14892.8571428571,
						1,
						0
					],
					[
						15000,
						2,
						107.142857142857
					],
					[
						15214.2857142857,
						0,
						107.142857142857
					]
				],
				"lengthInSteps": 16,